County,Neighbor
Adams,Arapahoe
Adams,Broomfield
Adams,Denver
Adams,Jefferson
Adams,Morgan
Adams,Washington
Adams,Weld
Alamosa,Conejos
Alamosa,Costilla
Alamosa,Huerfano
Alamosa,Rio Grande
Alamosa,Saguache
Arapahoe,Adams
Arapahoe,Denver
Arapahoe,Douglas
Arapahoe,Elbert
Arapahoe,Jefferson
Arapahoe,Lincoln
Arapahoe,Washington
Archuleta,Conejos
Archuleta,Hinsdale
Archuleta,La Plata
Archuleta,Mineral
Archuleta,Rio Grande
Baca,Bent
Baca,Las Animas
Baca,Prowers
Bent,Baca
Bent,Kiowa
Bent,Las Animas
Bent,Otero
Bent,Prowers
Boulder,Broomfield
Boulder,Gilpin
Boulder,Grand
Boulder,Jefferson
Boulder,Larimer
Boulder,Weld
Broomfield,Adams
Broomfield,Boulder
Broomfield,Jefferson
Broomfield,Weld
Chaffee,Fremont
Chaffee,Gunnison
Chaffee,Lake
Chaffee,Park
Chaffee,Pitkin
Chaffee,Saguache
Cheyenne,Kiowa
Cheyenne,Kit Carson
Cheyenne,Lincoln
Clear Creek,Gilpin
Clear Creek,Grand
Clear Creek,Jefferson
Clear Creek,Park
Clear Creek,Summit
Conejos,Alamosa
Conejos,Archuleta
Conejos,Costilla
Conejos,Rio Grande
Costilla,Alamosa
Costilla,Conejos
Costilla,Huerfano
Costilla,Las Animas
Crowley,El Paso
Crowley,Kiowa
Crowley,Lincoln
Crowley,Otero
Crowley,Pueblo
Custer,Fremont
Custer,Huerfano
Custer,Pueblo
Custer,Saguache
Delta,Gunnison
Delta,Mesa
Delta,Montrose
Denver,Adams
Denver,Arapahoe
Denver,Jefferson
Dolores,La Plata
Dolores,Montezuma
Dolores,San Juan
Dolores,San Miguel
Douglas,Arapahoe
Douglas,Elbert
Douglas,El Paso
Douglas,Jefferson
Douglas,Teller
Eagle,Garfield
Eagle,Grand
Eagle,Lake
Eagle,Pitkin
Eagle,Routt
Eagle,Summit
Elbert,Arapahoe
Elbert,Douglas
Elbert,El Paso
Elbert,Lincoln
El Paso,Crowley
El Paso,Douglas
El Paso,Elbert
El Paso,Fremont
El Paso,Lincoln
El Paso,Pueblo
El Paso,Teller
Fremont,Chaffee
Fremont,Custer
Fremont,El Paso
Fremont,Park
Fremont,Pueblo
Fremont,Saguache
Fremont,Teller
Garfield,Eagle
Garfield,Mesa
Garfield,Pitkin
Garfield,Rio Blanco
Garfield,Routt
Gilpin,Boulder
Gilpin,Clear Creek
Gilpin,Grand
Gilpin,Jefferson
Grand,Boulder
Grand,Clear Creek
Grand,Eagle
Grand,Gilpin
Grand,Jackson
Grand,Larimer
Grand,Routt
Grand,Summit
Gunnison,Chaffee
Gunnison,Delta
Gunnison,Hinsdale
Gunnison,Mesa
Gunnison,Montrose
Gunnison,Ouray
Gunnison,Pitkin
Gunnison,Saguache
Hinsdale,Archuleta
Hinsdale,Gunnison
Hinsdale,La Plata
Hinsdale,Mineral
Hinsdale,Ouray
Hinsdale,Saguache
Hinsdale,San Juan
Huerfano,Alamosa
Huerfano,Costilla
Huerfano,Custer
Huerfano,Las Animas
Huerfano,Pueblo
Huerfano,Saguache
Jackson,Grand
Jackson,Larimer
Jackson,Routt
Jefferson,Adams
Jefferson,Arapahoe
Jefferson,Boulder
Jefferson,Broomfield
Jefferson,Clear Creek
Jefferson,Denver
Jefferson,Douglas
Jefferson,Gilpin
Jefferson,Park
Jefferson,Teller
Kiowa,Bent
Kiowa,Cheyenne
Kiowa,Crowley
Kiowa,Lincoln
Kiowa,Otero
Kiowa,Prowers
Kit Carson,Cheyenne
Kit Carson,Lincoln
Kit Carson,Washington
Kit Carson,Yuma
Lake,Chaffee
Lake,Eagle
Lake,Park
Lake,Pitkin
Lake,Summit
La Plata,Archuleta
La Plata,Dolores
La Plata,Hinsdale
La Plata,Montezuma
La Plata,San Juan
Larimer,Boulder
Larimer,Grand
Larimer,Jackson
Larimer,Weld
Las Animas,Baca
Las Animas,Bent
Las Animas,Costilla
Las Animas,Huerfano
Las Animas,Otero
Las Animas,Pueblo
Lincoln,Arapahoe
Lincoln,Cheyenne
Lincoln,Crowley
Lincoln,Elbert
Lincoln,El Paso
Lincoln,Kiowa
Lincoln,Kit Carson
Lincoln,Pueblo
Lincoln,Washington
Logan,Morgan
Logan,Phillips
Logan,Sedgwick
Logan,Washington
Logan,Weld
Logan,Yuma
Mesa,Delta
Mesa,Garfield
Mesa,Gunnison
Mesa,Montrose
Mesa,Pitkin
Mineral,Archuleta
Mineral,Hinsdale
Mineral,Rio Grande
Mineral,Saguache
Moffat,Rio Blanco
Moffat,Routt
Montezuma,Dolores
Montezuma,La Plata
Montezuma,San Juan
Montrose,Delta
Montrose,Gunnison
Montrose,Mesa
Montrose,Ouray
Montrose,San Miguel
Morgan,Adams
Morgan,Logan
Morgan,Washington
Morgan,Weld
Otero,Bent
Otero,Crowley
Otero,Kiowa
Otero,Las Animas
Otero,Pueblo
Ouray,Gunnison
Ouray,Hinsdale
Ouray,Montrose
Ouray,San Juan
Ouray,San Miguel
Park,Chaffee
Park,Clear Creek
Park,Fremont
Park,Jefferson
Park,Lake
Park,Summit
Park,Teller
Phillips,Logan
Phillips,Sedgwick
Phillips,Yuma
Pitkin,Chaffee
Pitkin,Eagle
Pitkin,Garfield
Pitkin,Gunnison
Pitkin,Lake
Pitkin,Mesa
Prowers,Baca
Prowers,Bent
Prowers,Kiowa
Pueblo,Crowley
Pueblo,Custer
Pueblo,El Paso
Pueblo,Fremont
Pueblo,Huerfano
Pueblo,Las Animas
Pueblo,Lincoln
Pueblo,Otero
Rio Blanco,Garfield
Rio Blanco,Moffat
Rio Blanco,Routt
Rio Grande,Alamosa
Rio Grande,Archuleta
Rio Grande,Conejos
Rio Grande,Mineral
Rio Grande,Saguache
Routt,Eagle
Routt,Garfield
Routt,Grand
Routt,Jackson
Routt,Moffat
Routt,Rio Blanco
Saguache,Alamosa
Saguache,Chaffee
Saguache,Custer
Saguache,Fremont
Saguache,Gunnison
Saguache,Hinsdale
Saguache,Huerfano
Saguache,Mineral
Saguache,Rio Grande
San Juan,Dolores
San Juan,Hinsdale
San Juan,La Plata
San Juan,Montezuma
San Juan,Ouray
San Juan,San Miguel
San Miguel,Dolores
San Miguel,Montrose
San Miguel,Ouray
San Miguel,San Juan
Sedgwick,Logan
Sedgwick,Phillips
Summit,Clear Creek
Summit,Eagle
Summit,Grand
Summit,Lake
Summit,Park
Teller,Douglas
Teller,El Paso
Teller,Fremont
Teller,Jefferson
Teller,Park
Washington,Adams
Washington,Arapahoe
Washington,Kit Carson
Washington,Lincoln
Washington,Logan
Washington,Morgan
Washington,Yuma
Weld,Adams
Weld,Boulder
Weld,Broomfield
Weld,Larimer
Weld,Logan
Weld,Morgan
Yuma,Kit Carson
Yuma,Logan
Yuma,Phillips
Yuma,Washington
